Autor,Autores,Articulo,Revista,Paginas,Anho,Ucsp,Link,Publicacion
José Galdós Chávez,"J. Galdós, E. Laura, J. C. Gutierrez","Modification on illumination, distance function and Gabor Mask for elastic bunch graph matching",35th International Conference of the Chilean Computer Science Society,,2016,SI,../publicaciones/20160011.pdf,"José Galdós Chávez, Elian Laura Riveros, Juan C. Gutierrez Cáceres, Modification on Illumination, Distance Function and Gabor Mask for Elastic Bunch Graph Matching, The International Conference of the Chilean Computer Science Society (SCCC), 2016"
Elian Laura Riveros,"E. Laura, J. Galdós, J. C. Gutierrez",Analyzing the effect of hyperparameters in a automobile classifier based on convolutional neural networks,35th International Conference of the Chilean Computer Science Society,,2016,SI,../publicaciones/20160010.pdf,"Elian Laura Riveros, José Galdós Chávez, Juan C. Gutierrez Cáceres, Analyzing the effect of hyperparameters in a automobile classifier based on convolutional neural networks, The International Conference of the Chilean Computer Science Society (SCCC), 2016"
Dennis Barrios Aranibar,"R. Ripas, C. Cervantes, Y. Rosas, R. Patiño, D. Barrios",A semi-automated approach for recognizing moving targets using a global vision system,SBR/LARS 2016 – Robotics Symposium,,2016,SI,../publicaciones/20160009.pdf,"Dennis Barrios Aranibar, Roger Ripas-Mamani, Claudia Cervantes-Jilaja, Yessica Rosas-Cuevas, Raquel E. Patino-Escarcina, A semi-automated approach for recognizing moving targets using a global vision system, Latin American Robotics Simposium, 2016"
Dennis Barrios Aranibar,"P. Lovon, Y. Rosas, C. Cervantes, M. Tejada, R. Patiño, D. Barrios",People detection and localization in real time during navigation of autonomous robots,SBR/LARS 2016 – Robotics Symposium,,2016,SI,../publicaciones/20160008.pdf,"Dennis Barrios Aranibar, Percy W. Lovon-Ramos, Yessica Rosas-Cuevas, Claudia Cervantes-Jilaja, Maria Tejada-Begazo, Raquel E. Patino-Escarcina, People Detection and Localization in Real Time during Navigation of Autonomous Robots, Latin American Robotics Simposium, 2016"
Dennis Barrios Aranibar,"P. Lovon, R. Ripas, Y. Rosas, M. Tejada, R. Marroquín, D. Barrios ",Mixed reality applied to the teleoperation of a 7-DOF manipulator in rescue missions,SBR/LARS 2016 – Robotics Symposium,,2016,SI,../publicaciones/20160007.pdf,"Dennis Barrios Aranibar, Percy W. Lovon-Ramos, Roger Ripas-Mamani, Yessica Rosas-Cuevas, Maria Tejada-Begazo, Renato Marroquin Mogrovejo , Mixed Reality Applied to the Teleoperation of a 7-DOF Manipulator in Rescue Missions, Latin American Robotics Simposium, 2016"
Josimar Edinson Chire Saire,"J. Chire, Y. Túpac",FP-AK-QIEA-R in protein folding applications,Proceedings of the IEEE LA-CCI 2016 Conference,,2016,SI,../publicaciones/20160006.pdf,"Josimar Edinson Chire Saire, Yván Túpac Valdivia, FP-AK-QIEA-R in protein folding applications, IEEE LA-CCI 2016 Conference Proceedings, 2016"
Germaín García Zanabria,"G. García, L. Nonato, E. Gómez",iStar (i*): An interactive star coordinates approach for high-dimensional data exploration,Computer and Graphics,,2016,SI,http://www.sciencedirect.com/science/article/pii/S0097849316301054,"Germaín García Zanabria, Luis Gustavo Nonato, Erick Gomez Nieto, iStar (i*): An Interactive Star Coordinates Approach for High-Dimensional Data Exploration, Computer and Graphics - An International Journal, 2016"
Jenny Copara Zea,"J. Copara, J. Ochoa, C. Thorne, G. Glavas",Spanish NER with word representations and conditional random fields,"Proceedings of the Sixth Named Entity Workshop, joint with 54th ACL",34-40,2016,SI,https://aclweb.org/anthology/W/W16/W16-2705.pdf,
Jenny Copara Zea,"J. Copara, J. Ochoa, C. Thorne, G. Glavas",Exploring unsupervised features in conditional random fields for spanish named entity recognition,Proceedings of the 2016 Brazilian Conference on Intelligent Systems (BRACIS),,2016,SI,../publicaciones/20160004.pdf,"Jenny Copara Zea, José Ochoa Luna, Camilo Thorne, Goran Glavas, Exploring unsupervised features in Conditional Random Fields for Spanish Named Entity Recognition, Proceedings of the 2016 Brazilian Conference on Intelligent Systems (BRACIS), 2016"
Jenny Copara Zea,"J. Copara, J. Ochoa, C. Thorne, G. Glavas",Conditional random fields for spanish named entity recognition using unsupervised features,Proceedings of the 15th Ibero-American Conference on Artificial Intelligence (IBERAMIA),,2016,SI,../publicaciones/20160003.pdf,"Jenny Copara Zea, José Ochoa Luna, Camilo Thorne, Goran Glavas, Heiner Stuckenschmidt, Conditional Random Fields for Spanish Named Entity Recognition using Unsupervised Features, Proceedings of the 15th Ibero-American Conference on Artificial Intelligence (IBERAMIA 2016), 2016"
Aldo Culquicondor Ruiz,"A. Culquicondor, C. Castelo, J. Papa",A new parallel training algorithm for optimun-path forest-based learning,21st Ibero-American Congress on Pattern Recognition,,2016,SI,../publicaciones/20160002.pdf,"Aldo Culquicondor Ruiz, Cesar Castelo Fernandez, A New Parallel Training Algorithm for Optimun-Path Forest-Based Learning, Progress in Pattern Recognition, image analysis, Computer Vision and Applications, 2016"
Alejandro Camargo,"A. Camargo, D. Barrios",δ-Radius unified influence value reinforcement learning,"Distributed Computing and Artificial Intelligence, 13th International Conference",125-135,2016,SI,http://link.springer.com/chapter/10.1007%2F978-3-319-40162-1_14,"Alejandro Camargo, Dennis Barrios Aranibar, δ-Radius Unified Influence Value Reinforcement Learning, Distributed Computing and Artificial Intelligence, 13th International Conference, pp. 125-135, 2016"
Ismar Frango Silveira,"I.Silveira, A. Sprock, V. Rodés, Y. Túpac",Análise do uso de livros-texto digitais abertos no contexto da Educação Superior na América Latina,Revista RENOTE - Novas Tecnologias na Educação,"Vol 13, Numero 1",2015,SI,http://seer.ufrgs.br/index.php/renote/article/view/57673,"Ismar Frango Silveira, Antonio Silva Sprock, Virginia Rodés Paragarino, Yván Jesús Túpac Valdivia, Análise do uso de livros-texto digitais abertos no contexto da Educação Superior na América Latina, Revista RENOTE - Novas Tecnologias na Educação, Vol 13, Numero 1, 2015"
Edward Hinojosa,"E. Hinojosa, H. Camargo, Y. Túpac",Learning fuzzy classification rules from imbalanced datasets using multi-objective evolutionary algorithm,Latin American Congress on Computational Intelligence (LA-CCI),01-jun,2015,SI,http://ieeexplore.ieee.org/document/7435959/?reload=true&arnumber=7435959,"Edward Hinojosa, Yvan Túpac Valdivia, Heloisa Camargo, Learning fuzzy classification rules from imbalanced datasets using multi-objective evolutionary algorithm, 2015 Latin America Congress on Computational Intelligence (LA-CCI), pp. 1-6, 2015"
Josimar Chire Saire,"J. Chire, Y. Túpac",An approach to real-coded quantum inspired evolutionary algorithm using particles filter,Latin American Congress on Computational Intelligence (LA-CCI),01-jun,2015,SI,http://ieeexplore.ieee.org/document/7435984/?arnumber=7435984,"Josimar Chire Saire, Yvan Túpac Valdivia, An approach to real-coded quantum inspired evolutionary algorithm using particles filter, 2015 Latin America Congress on Computational Intelligence (LA-CCI), pp. 1-6, 2015"
Jorge Valverde Tohalino,"J. Valverde, J. Tejada, E. Cuadros",Comparing supervised learning methods for classifying spanish tweets,Proceedings of TASS 2015: Workshop on Sentiment Analysis at SEPLN co-located with 31st SEPLN Conference (SEPLN 2015),87-92,2015,SI,http://ceur-ws.org/Vol-1397/sanpablo.pdf,"Jorge Valverde Tohalino, Javier Tejada C., Ernesto Cuadros V., Comparing Supervised Learning Methods for Classifying Spanish Tweets, Proceedings of TASS 2015: Workshop on Sentiment Analysis at SEPLN co-located with 31st SEPLN Conference (SEPLN 2015), pp. 87-92, 2015"
Julio Santisteban,"X. Aranzaens, J. Santisteban",GPS Assistance taximeter suited to the characteristics of a city,7th Latin American Workshop On Communications,40-45,2015,SI,http://ceur-ws.org/Vol-1538/paper-09.pdf,"Julio Santisteban, Ximena Aranzaens Cam, GPS Assistance Taximeter Suited to the Characteristics of a City, 7th Latin American Workshop On Communications, pp. 40-45, 2015"
Julio Santisteban,"C. Talavera, J. Santisteban",Design of network infrastructure of a Cloud Data Center for use in health sector,7th Latin American Workshop On Communications,30-35,2015,SI,http://ceur-ws.org/Vol-1538/paper-07.pdf,"Julio Santisteban, Chris Talavera Ormeño, Design of Network Infrastructure of a Cloud Data Center for use in Health Sector, 7th Latin American Workshop On Communications, pp. 30-35, 2015"
Julio Santisteban,"J. Santisteban, J. Tejada",Paradigmatic Clustering for NLP,IEEE International Conference on Data Mining Workshop (ICDMW),814 - 820,2015,SI,http://ieeexplore.ieee.org/document/7395752/,"Julio Santisteban, Javier Tejada C., Paradigmatic Clustering for NLP, 2015 IEEE International Conference on Data Mining Workshop (ICDMW), pp. 814 - 820, 2015"
Ernesto Cuadros Vargas,"J. Fager, W. L. Pantoja, M. Villacrés, L. Páaez, D. Ochoa, E. Cuadros",Libro de Estructuras de Datos,Iniciativa Latinoamericana de Libros de Texto Abiertos (LATIn),222,2014,SI,http://www.proyectolatin.org/index.php/es/component/booklibrary/510/view/53/Ingenier%C3%ADa/15/estructuras-de-datos,"Ernesto Cuadros Vargas, José Fager, W. Libardo Pantoja Yépez, Marisol Villacrés, Luz Andrea Páaez Martíinez , Daniel Ochoa, Libro - Estructuras de datos, 1a Ed. - Iniciativa Latinoamericana de Libros de Texto Abiertos (LATIn), pp. 222, 2014"
Ernesto Cuadros Vargas,"A. Pears, A. Clear, L. Cassel, E. Cuadros, V. Dagiene, C. Laxer",ITiCSE: the next decade,Proceedings of the Conference on Innovation & Technology in Computer Science Education,323,2014,SI,http://dl.acm.org/citation.cfm?id=2617812&dl=ACM&coll=DL&CFID=675040323&CFTOKEN=25224477,"Ernesto Cuadros Vargas, Arnold Pears, Alison Clear, Lillian N. Cassel,Valentina Dagiene, Cary Laxer, ITiCSE: the next decade, ITiCSE, Proceedings of the 2014 conference on Innovation & technology in computer science education, pp. 323, 2014"
Ernesto Cuadros Vargas,"M. Sahami, S. Roach, E. K. Hawthorne, E. Cuadros, A. Kumar, R. LeBlanc, D. Reed, R. Seker",Computer Science Curricula 2013: Implementing the Final Report,Proceedings of the 45th ACM Technical Symposium on Computer Science Education,175-176,2014,SI,https://www.acm.org/education/CS2013-final-report.pdf,"Ernesto Cuadros Vargas, Mehran Sahami, Steve Roach, Elizabeth K. Hawthorne, Amruth Kumar, Richard LeBlanc, David Reed, Remzi Seker, ACM/IEEE-CS computer science curricula 2013: implementing the final report, SIGCSE, Proceedings of the 45th ACM technical symposium on Computer science education, pp. 175-176, 2014"
Yván Túpac Valdivia,"J. Ponce, A. Torres, F. Quezada, A. Silva, E. Martínez, A. Casali, E. Scheihing, Y. Túpac, D. Torres, F. Ornelas, J. Hernández, C. Zavala, N. Vakhnia, O. Pedreño",Libro de Inteligencia Artificial,Iniciativa Latinoamericana de Libros de Texto Abiertos (LATIn),225,2014,SI,http://www.proyectolatin.org/index.php/es/component/booklibrary/510/view/53/Ingenier%C3%ADa/17/inteligencia-artificial,"Yván Túpac Valdivia, Julio Cesar Ponce Gallegos, Aurora Torres Soto, Fátima Sayuri Quezada Aguilera, Antonio Silva Sprock, Ember Ubeimar Martínez Flor, Ana Casali, Eliana Scheihing, Dolores Torres Soto, Francisco Javier Ornelas Zapata, José Alberto Hernández A., Crizpín Zavala D., Nodari Vakhnia, Oswaldo Pedreño, Libro - Inteligencia Artificial, 1a ed. - Iniciativa Latinoamericana de Libros de Texto Abiertos (LATIn), pp. 225, 2014"
Yván Túpac Valdivia,"C. Portugal, J. Gutiérrez, Y. Túpac, C. Beltrán",Classifier system for normality pre-diagnosis from MRI brain images in cerebral pathology studies,Latin American Congress on Computational Intelligence (LA-CCI),,2014,SI,../publicaciones/20140006.pdf,"Yván Túpac Valdivia, Portugal, C., Gutiérrez, J.C., Beltrán C., Classifier system for normality pre-diagnosis from MRI brain images in cerebral pathology studies, Latin American Congress on Computational Intelligence (LA-CCI), 2014"
Javier Tejada Cárcamo,"А. Kononovа, M. Alexandrov, D. Stefanovskiy, J. Tejada",Bagging on subspaces with Braverman’s Classifiers,International Conference on Intelligent Information and Engineering Systems,,2014,SI,../publicaciones/20140005.pdf,"Javier Tejada Cárcamo, Аlexandra Kononovа, Mikhail Alexandrov, Dmitry Stefanovskiy, BAGGING ON SUBSPACES WITH BRAVERMAN ’S CLASSIFIERS, International Conference on Intelligent Information and Engineering Systems, 2014"
Erick Gomez Nieto,"E. Gomez, F. San Roman, P. Pagliosa, W. Casaca, E. Helou, M. Ferreira, L. Nonato",Similarity Preserving Snippet-Based Visualization of Web Search Results,IEEE Transactions on Visualization and Computer Graphics,"20(3), 457-470",2014,SI,http://ieeexplore.ieee.org/document/6629989/,"Erick Gomez Nieto, Frizzi San Roman, Paulo A. Pagliosa, Wallace Casaca, Elias S. Helou, Maria Cristina Ferreira de Oliveira, Luis Gustavo Nonato, Similarity Preserving Snippet-Based Visualization of Web Search Results, IEEE Trans. Vis. Comput. Graph. 20(3), pp. 457-470, 2014"
José Eduardo Ochoa Luna,"R. Garzozi, M. Messina, C. Moncada, J. Ochoa, G. Ilabel, R. Zambrano ",Libro de Planes de Negocios para Emprendedores,Iniciativa Latinoamericana de Libros de Texto Abiertos (LATIn),150,2014,SI,http://www.proyectolatin.org/index.php/es/component/booklibrary/512/view/55/Econom%C3%ADa/18/planes-de-negocios-para-emprendedores,"José Eduardo Ochoa Luna, René Garzozi, María Messina Scolaro , Cristian Moncada Marino, Griselda Ilabel Pérez, Ricardo Zambrano Segura , Libro - Planes de Negocios para Emprendedores, 1a ed. - Iniciativa Latinoamericana de Libros de Texto Abiertos (LATIn), pp. 150, 2014"
Patricia Raquel Castillo Araníbar,"E. San Román, P. Castillo, M. Sotomayor, L. Gonzales, E. Zenteno ",Libro de Aplicaciones y Teoría de Ingeniería de Microondas,Iniciativa Latinoamericana de Libros de Texto Abiertos (LATIn),108,2014,SI,http://www.proyectolatin.org/index.php/es/component/booklibrary/510/view/53/Ingenier%C3%ADa/10/aplicaciones-y-teoria-de-ingenieria-de-microondas,"Patricia Raquel Castillo Araníbar, Ebert Gabriel San Román Castillo, Manuel Gustavo Sotomayor Polar, Lee Victoria Gonzales Fuentes, Efraín Zenteno Bolaños , Libro - Aplicaciones y Teoría de Ingeniería de Microondas, 1a ed. - Iniciativa Latinoamericana de Libros de Texto Abiertos (LATIn), pp. 108, 2014"
Ernesto Cuadros Vargas,"E. Cuadros, A. Silva, D. Delgado, Y. Hernandez, C. Collazos",Evolution of the Computing Curricula for Computer Science in Latin America 2013,"Computing Conference (CLEI), 2013 XXXIX Latin American",01-oct,2013,SI,http://ieeexplore.ieee.org/document/6670628/?denied,"Ernesto Cuadros Vargas, Antonio Silva-Sprock, Danet Delgado Castillo, Yosly Hernandez-Bieliukas, César A. Collazos, Evolution of the Computing Curricula for Computer Science in Latin America 2013, CLEI, Computing Conference (CLEI), 2013 XXXIX Latin American, pp. 1-10, 2013"
Ernesto Cuadros Vargas,"M. Sahami, S. Roach, E. Cuadros, R. LeBlanc",ACM/IEEE-CS computer science curriculum 2013: reviewing the ironman report,Proceeding of the 44th ACM Technical Symposium on Computer Science Education ,13-14,2013,SI,http://dl.acm.org/citation.cfm?id=2445206,"Ernesto Cuadros Vargas, Mehran Sahami, Steve Roach, Richard LeBlanc, ACM/IEEE-CS computer science curriculum 2013: reviewing the ironman report, SIGCSE, Proceeding of the 44th ACM technical symposium on Computer science education , pp. 13-14, 2013"
Yván Túpac Valdivia,"F. Sánchez, Y. Túpac, R. Patiño",OVMMSOM: A variation of MMSOM and VMSOM as a clusterization technique,Proceedings of the XXXII International Conference of the Chilean Computer Science Society SCCC,,2013,SI,http://jcc2013.inf.uct.cl/wp-content/proceedings/SCCC/OVMMSOM%20A%20variation%20of%20MMSOM%20and%20VMSOM%20as%20a%20clusterization%20technique.pdf,"Yván Túpac Valdivia, Sánchez, F., Patiño, R., OVMMSOM: A variation of MMSOM and VMSOM as a clusterization technique, Proceedings of the XXXII International Conference of the Chilean Computer Science Society SCCC, 2013"
Yván Túpac Valdivia,"V. Arroyo, Y. Túpac",Selección sexual discriminatoria en un algoritmo evolutivo con una matriz de preferencias para la mejora de calidad de los horarios de trabajo,Proceedings del XII Congreso de la Sociedad Peruana de Computación,sep-16,2013,SI,../publicaciones/20130010.pdf,"Yván Túpac Valdivia, Arroyo, V., Selección Sexual Discriminatoria en un Algoritmo Evolutivo con una Matriz de Preferencias para la mejora de calidad de los Horarios de Trabajo, Proceedings of the XII Congreso de la Sociedad Peruana de Computación, Chiclayo, Perú, pp. 9-16, 2013"
Yván Túpac Valdivia,"J. Herrera, Y. Yari, L. Alfaro, Y. Túpac",Modelo Estocástico a partir de Razonamiento basado en casos para la generación de series temporales,Proceedings del XII Congreso de la Sociedad Peruana de Computación,49-57,2013,NO,,"Yván Túpac Valdivia, Herrera, J. A., Yari, Y., Modelo Estocástico a partir de Razonamiento basado en casos para la generación de series temporales, Proceedings of the XII Congreso de la Sociedad Peruana de Computación, Chiclayo, Perú, pp. 49-57, 2013"
Yván Túpac Valdivia,"F. Sánchez, Y. Túpac, R. Patiño",OVMMSOM: Una variación del MMSOM y VMSOM como técnica de clusterización de imágenes,Proceedings del XII Congreso de la Sociedad Peruana de Computación,145-149,2013,SI,../publicaciones/20130008.pdf,"Yván Túpac Valdivia, Sánchez, F., Patiño, R., OVMMSOM: Una variación del MMSOM y VMSOM como técnica de clusterización, Proceedings of the XII Congreso de la Sociedad Peruana de Computación, Chiclayo, Perú, pp. 145-149, 2013"
Cristian Jose Lopez Del Alamo,"Lizeth Joseline Fuentes Perez, Luciano Arnaldo Romero Calla, Wilber Roberto Ramos Lovon",A novel approach for image feature extraction using HSV model color and niters wavelets,"CLEI, Computing Conference (CLEI), 2013 XXXIX Latin American",01-jul,2013,NO,,"Cristian Jose Lopez Del Alamo, Lizeth Joseline Fuentes Perez, Luciano Arnaldo Romero Calla, Wilber Roberto Ramos Lovon, A novel approach for image feature extraction using HSV model color and niters wavelets, CLEI, Computing Conference (CLEI), 2013 XXXIX Latin American, pp. 1-7, 2013"
Alvaro Mamani Aliaga,"Arlindo Flávio da Conceição, Jimmy V. Sánchez, Tiago Barabasz, Bruno Gabriel dos Santos, Matheus Ferreira Mendonça",Open Architecture for Mobile Data Collection Using Cloud Computing,MDM (2),160-165,2013,NO,,"Alvaro Mamani Aliaga, Arlindo Flávio da Conceição, Jimmy V. Sánchez, Tiago Barabasz, Bruno Gabriel dos Santos, Matheus Ferreira Mendonça, Open Architecture for Mobile Data Collection Using Cloud Computing, MDM (2), pp. 160-165, 2013"
Alvaro Mamani Aliaga,"Arlindo F. da Conceição, Jimmy V. Sánchez, Bruno Gabriel dos Santos, Matheus Ferreira Mendonça, Dario Vieira, Vladimir Rocha",Empowering Mobile Users: Create Your Own Mobile Application for Data Collection in the Cloud,MobiCASE,269-272,2013,NO,,"Alvaro Mamani Aliaga, Arlindo F. da Conceição, Jimmy V. Sánchez, Bruno Gabriel dos Santos, Matheus Ferreira Mendonça, Dario Vieira, Vladimir Rocha, Empowering Mobile Users: Create Your Own Mobile Application for Data Collection in the Cloud, MobiCASE, pp. 269-272, 2013"
Erick Gomez Nieto,"Wallace Casaca, Afonso Paiva, Paulo Joia, Luis Gustavo Nonato",Spectral Image Segmentation Using Image Decomposition and Inner Product-Based Metric,Journal of Mathematical Imaging and Vision 45(3),227-238,2013,NO,,"Erick Gomez Nieto, Wallace Casaca, Afonso Paiva, Paulo Joia, Luis Gustavo Nonato, Spectral Image Segmentation Using Image Decomposition and Inner Product-Based Metric, Journal of Mathematical Imaging and Vision 45(3), pp. 227-238, 2013"
José Eduardo Ochoa Luna,"Kate Revoredo, Fabio Gagliardi Cozman",Link prediction using a probabilistic description logic,J. Braz. Comp. Soc. 19(4),397-409,2013,NO,,"José Eduardo Ochoa Luna, Kate Revoredo, Fabio Gagliardi Cozman, Link prediction using a probabilistic description logic, J. Braz. Comp. Soc. 19(4), pp. 397-409, 2013"
José Eduardo Ochoa Luna,"M. Armada, K. Revoredo, J. Ochoa, F. Gagliardi",Assertion role in a hybrid link prediction approach through probabilistic ontology,Sexto Seminário de Pesquisa em Ontologias do Brasil (ONTOBRAS),106-117,2013,SI,../publicaciones/20130002.pdf,"José Eduardo Ochoa Luna, Marcius Armada, Kate Revoredo, Fabio Gagliardi Cozman, Assertion Role in a Hybrid Link Prediction Approach through Probabilistic Ontology, ONTOBRAS, pp. 106-117, 2013"
Regina Ticona Herrera,"R. Guzman, I. Dongo, R. Ticona",Structural and semantic similarity for XML comparison,Proceedings of the Fifth International Conference on Management of Emergent Digital EcoSystems,177-181,2013,SI,http://dl.acm.org/citation.cfm?id=2536147&dl=ACM&coll=DL&CFID=676324994&CFTOKEN=25461893,"Regina Ticona Herrera, Renato Guzman, Irvin Dongo, Structural and semantic similarity for XML comparison, MEDES, pp. 177-181, 2013"
Ernesto Cuadros Vargas,"M. Sahami, S. Roach, E. Cuadros, D. Reed",Computer science curriculum 2013: reviewing the strawman report from the ACM/IEEE-CS task force,Proceedings of the 43rd ACM technical symposium on Computer Science Education,03-abr,2012,SI,http://dl.acm.org/citation.cfm?id=2157140&dl=ACM&coll=DL&CFID=676324994&CFTOKEN=25461893,"Ernesto Cuadros Vargas, Mehran Sahami, Steve Roach, David Reed, Computer science curriculum 2013: reviewing the strawman report from the ACM/IEEE-CS task force, SIGCSE, pp. 3-4, 2012"
Yván Túpac Valdivia,"E. Hinojosa, Y. Túpac, H. Camargo",Generación Genética Iterativa de Reglas Fuzzy de Clasificación con Búsqueda Tabú,Proceedings del XI Congreso de la Sociedad Peruana de Computación,57-63,2012,SI,../publicaciones/20120010.pdf,"Yván Túpac Valdivia, Hinojosa, E., Camargo, H, Generación Genética Iterativa de Reglas Fuzzy de Clasificación con Búsqueda Tabú, Proceedings of XI Congreso de la Sociedad Peruana de Computación, Puno-Peru, pp. 57-63, 2012"
Yván Túpac Valdivia,"L. Cabana, Y. Túpac",Cómo resolver el juego Mastermind a través de computación evolutiva,Proceedings del XI Congreso de la Sociedad Peruana de Computación,51-56,2012,SI,../publicaciones/20120009.pdf,"Yván Túpac Valdivia, Cabana, L., Cómo resolver el juego Mastermind a través de computación evolutiva, Proceedings of XI Congreso de la Sociedad Peruana de Computación, Puno-Peru, pp. 51-56, 2012"
Yván Túpac Valdivia,"J. Banda, Y. Túpac, J. Chuctaya",Multiple sequences alignment using Traveling Salesman Problem and order-based evolutionary algorithms,"Proceedings of CIBB, the Ninth International Meeting on Computational Intelligence Methods for Bioinformatics and Biostatistics",,2012,SI,../publicaciones/20120008.pdf,"Yván Túpac Valdivia, Banda, J., Chuctaya, J.H., Multiple Sequences Alignment using Traveling Salesman Problem and Order-based Evolutionary Algorithms, Proceedings of CIBB 2012, the Ninth International Meeting on Computational Intelligence Methods for Bioinformatics and Biostatistics, Houston Texas (USA), 2012"
Dennis Barrios Aranibar,"Roy Perez-Pinto, Christian E. Portugal-Zambrano",Automatic classification of agro-industrial products through dynamic membership functions in Fuzzy logic systems: An approach to Scallops,CLEI,,2012,NO,,"Dennis Barrios Aranibar, Roy Perez-Pinto, Christian E. Portugal-Zambrano, Automatic classification of agro-industrial products through dynamic membership functions in Fuzzy logic systems: An approach to Scallops, CLEI, 2012"
Cristian Jose Lopez Del Alamo,"Diego Aracena Pizarro, Ricardo Valdivia Pinto",Discovery of patterns in software metrics using clustering techniques,CLEI,01-jul,2012,NO,,"Cristian Jose Lopez Del Alamo, Diego Aracena Pizarro, Ricardo Valdivia Pinto, Discovery of patterns in software metrics using clustering techniques, CLEI, pp. 1-7, 2012"
Cristian Jose Lopez Del Alamo,"J. Banda, C. López","Clustering of proteins based on their three-dimensional shape,using maximum common subgraph",Latin America Conference on Bioinformatics – ISCB,,2012,SI,../publicaciones/20120005.pdf,"Cristian Jose Lopez Del Alamo, July Banda-Tapia, Clustering of proteins based on their three-dimensional shape,using maximum common subgraph, International Society for Computational Biology - Latin America, P82, 2012"
Erick Gomez Nieto,"Paulo Joia, João Batista Neto, Wallace Casaca, Glenda Botelho, Afonso Paiva, Luis Gustavo Nonato",Class-specific metrics for multidimensional data projection applied to CBIR,The Visual Computer 28(10),1027-1037,2012,NO,,"Erick Gomez Nieto, Paulo Joia, João Batista Neto, Wallace Casaca, Glenda Botelho, Afonso Paiva, Luis Gustavo Nonato, Class-specific metrics for multidimensional data projection applied to CBIR, The Visual Computer 28(10), pp. 1027-1037, 2012"
Erick Gomez Nieto,"Wallace Casaca, Cynthia O. L. Ferreira, Geovan Tavares, Paulo A. Pagliosa, Fernando Vieira Paulovich, Luis Gustavo Nonato, Afonso Paiva",Colorization by Multidimensional Projection,SIBGRAPI,32-38,2012,NO,,"Erick Gomez Nieto, Wallace Casaca, Cynthia O. L. Ferreira, Geovan Tavares, Paulo A. Pagliosa, Fernando Vieira Paulovich, Luis Gustavo Nonato, Afonso Paiva, Colorization by Multidimensional Projection, SIBGRAPI, pp. 32-38, 2012"
José Eduardo Ochoa Luna,"Kate Revoredo, Fabio Gagliardi Cozman",An Experimental Evaluation of a Scalable Probabilistic Description Logic Approach for Semantic Link Prediction,URSW,63-74,2012,NO,,"José Eduardo Ochoa Luna, Kate Revoredo, Fabio Gagliardi Cozman, An Experimental Evaluation of a Scalable Probabilistic Description Logic Approach for Semantic Link Prediction, URSW, pp. 63-74, 2012"
Cruz Torres Judith,,Análisis sobre el porcentaje graduados y titulados de la Facultad de Ciencias Naturales y Formales dentro del marco de los estándares de calidad universitaria,Presentado a la Unidad de Investigación de la Facultad de Ciencias Naturales y Formales de la Universidad Nacional de San Agustín,,2012,NO,,"Cruz Torres Judith, , Análisis sobre el porcentaje graduados y titulados de la Facultad de Ciencias Naturales y Formales dentro del marco de los estándares de calidad universitaria, Presentado a la Unidad de Investigación de la Facultad de Ciencias Naturales y Formales de la Universidad Nacional de San Agustín, 2012"
Ernesto Cuadros Vargas,"Álvarez, Humberto, Patiño Escarcina, R; Barrios Aranibar, D",The Ghost Tiger Virtual Parallel File System,"X Congreso de la Sociedad Peruana de Computación, CSPC, Pucallpa-Peru",,2011,NO,,"Ernesto Cuadros Vargas, Álvarez, Humberto, Patiño Escarcina, R; Barrios Aranibar, D, The Ghost Tiger Virtual Parallel File System, X Congreso de la Sociedad Peruana de Computación, CSPC, Pucallpa-Peru, 2011"
Alex Jesus Cuadros Vargas,"A. Cuadros, L. Nonato, V. Pascucci",Combinatorial Laplacian Image Cloning,"24th SIBGRAPI Conference on Graphics, Patterns and Images",236-241,2011,SI,http://ieeexplore.ieee.org/document/6134737/,"Alex Jesus Cuadros Vargas, Luis Gustavo Nonato, Valerio Pascucci, Combinatorial Laplacian Image Cloning, SIBGRAPI, pp. 236-241, 2011"
Yván Túpac Valdivia,"L. Almeida, Y. Túpac",Parallel Evolutionary Algorithms applied to optimize the oilfields development,Proceedings del XXIII Encuentro Chileno de Computación,,2011,SI,../publicaciones/20100028.pdf,"Yván Túpac Valdivia,  Almeida, L. F., Parallel Evolutionary Algorithms applied to optimize the oilfields development, Proceedings of the XXIII Encuentro Chileno de Computación (ECC'2011), 2011"
Yván Túpac Valdivia,"Herbert Chuctaya, Christian Portugal, Cesar Beltran, Juan Gutierrez, Cristian Lopez",M-CBIR: A Medical Content-Based Image Retrieval System Using Metric Data-Structures.,SCCC,135-141,2011,NO,,"Yván Túpac Valdivia, Herbert Chuctaya, Christian Portugal, Cesar Beltran, Juan Gutierrez, Cristian Lopez, M-CBIR: A Medical Content-Based Image Retrieval System Using Metric Data-Structures., SCCC, pp. 135-141, 2011"
Yván Túpac Valdivia,"A. Bokan, R. Patiño, Y. Túpac",Validación de Clusters usando IEKA y SL-SOM,Proceedings del X Congreso de la Sociedad Peruana de Computación,,2011,SI,../publicaciones/20100026.pdf,"Yván Túpac Valdivia, Bokan, A., Patiño, R., Validación de Clusters usando IEKA y SL-SOM, Proceedings del X Congreso de la Sociedad Peruana de Computación, Pucallpa, Peru, 2011"
Juan Carlos Gutierrez Caceres,"Herbert Chuctaya, Christian Portugal, Cesar Beltran,Cristian Lopez, Yvan Tupac",M-CBIR: A Medical Content-Based Image Retrieval System Using Metric Data-Structures,SCCC,135-141,2011,NO,,"Juan Carlos Gutierrez Caceres, Herbert Chuctaya, Christian Portugal, Cesar Beltran,Cristian Lopez, Yvan Tupac, M-CBIR: A Medical Content-Based Image Retrieval System Using Metric Data-Structures, SCCC, pp. 135-141, 2011"
Juan Carlos Gutierrez Caceres,Cayllahua Edward,Chaotic associative memory using sine map,INNS International Educational Symposium on Neural Networks,,2011,NO,,"Juan Carlos Gutierrez Caceres, Cayllahua Edward, Chaotic associative memory using sine map, INNS International Educational Symposium on Neural Networks, 2011"
Juan Carlos Gutierrez Caceres,"Luis A. Alfaro Casas, José Herrera Quispe. Jorge L. Suaña Ch. Henry Gallegos Velgara",Optimal calibration of  Parameter of a Conceptual Rainfall-Runoff Model Using Genetic Algorithm,Int'l Conf. Genetic and Evolutionary Methods (GEM'11),,2011,NO,,"Juan Carlos Gutierrez Caceres, Luis A. Alfaro Casas, José Herrera Quispe. Jorge L. Suaña Ch. Henry Gallegos Velgara, Optimal calibration of  Parameter of a Conceptual Rainfall-Runoff Model Using Genetic Algorithm, Int'l Conf. Genetic and Evolutionary Methods (GEM'11), 2011"
Juan Carlos Gutierrez Caceres,"Humpire G., Chuctaya J., Bruno O., Beltrán C.",Sistema automatico de diagnóstico de parásitos Helmintos,Visão Computacional em Bioinformática WVC,,2011,NO,,"Juan Carlos Gutierrez Caceres, Humpire G., Chuctaya J., Bruno O., Beltrán C., Sistema automatico de diagnóstico de parásitos Helmintos, Visão Computacional em Bioinformática WVC, 2011"
Juan Carlos Gutierrez Caceres,"Herrera-Quispe J., Suaña J., Gellegos-Velgara H",Calibration of Parameter of a Rainfall-Runoff GR4J Model Using Genetic Algorithm,Jornadas Chilenas de Computación,,2011,NO,,"Juan Carlos Gutierrez Caceres, Herrera-Quispe J., Suaña J., Gellegos-Velgara H, Calibration of Parameter of a Rainfall-Runoff GR4J Model Using Genetic Algorithm, Jornadas Chilenas de Computación, 2011"
Dennis Barrios Aranibar,"Sonia Castelo Quispe, July Diana Banda Tapia, Monika N. Lopez Paredes, Raquel E. Patiño-Escarcina",Automation of the brazil-nuts classification process using dynamic level set,HIS,540-545,2011,NO,,"Dennis Barrios Aranibar, Sonia Castelo Quispe, July Diana Banda Tapia, Monika N. Lopez Paredes, Raquel E. Patiño-Escarcina, Automation of the brazil-nuts classification process using dynamic level set, HIS, pp. 540-545, 2011"
Dennis Barrios Aranibar,"Alexander Rodriguez, Alicia Diaz-Zea, Roxana Flores, Medardo Delgado, Raquel Patiño",Argopecten Purpuratus Codification Based on Determination of Weight by Conversion and Adjustment Factors.,SCCC,147-152,2011,NO,,"Dennis Barrios Aranibar, Alexander Rodriguez, Alicia Diaz-Zea, Roxana Flores, Medardo Delgado, Raquel Patiño, Argopecten Purpuratus Codification Based on Determination of Weight by Conversion and Adjustment Factors., SCCC, pp. 147-152, 2011"
Dennis Barrios Aranibar,"Perez-Pinto, R.; Castelo-Quispe, S; Urquizo,Jorge L.; Casas, Luis A. A.",Motor de Inferencia Difuso con Funciones de Pertenencia Dinámicas para el Codificado de Conchas de Abanico,"X Congreso de la Sociedad Peruana de Computación, CSPC, Pucallpa – Perú",,2011,NO,,"Dennis Barrios Aranibar, Perez-Pinto, R.; Castelo-Quispe, S; Urquizo,Jorge L.; Casas, Luis A. A., Motor de Inferencia Difuso con Funciones de Pertenencia Dinámicas para el Codificado de Conchas de Abanico, X Congreso de la Sociedad Peruana de Computación, CSPC, Pucallpa – Perú, 2011"
Dennis Barrios Aranibar,"Velazco, Yuber, Huachani, Angel, Urquizo,Jorge L., Patiño-Escarcina, R.;",Determinación Automática de umbrales por medio del algoritmo de agrupamiento Kmedias para la segmentación de castañas,"X Congreso de la Sociedad Peruana de Computación, CSPC, Pucallpa – Perú",,2011,NO,,"Dennis Barrios Aranibar, Velazco, Yuber, Huachani, Angel, Urquizo,Jorge L., Patiño-Escarcina, R.;, Determinación Automática de umbrales por medio del algoritmo de agrupamiento Kmedias para la segmentación de castañas, X Congreso de la Sociedad Peruana de Computación, CSPC, Pucallpa – Perú, 2011"
Dennis Barrios Aranibar,"Zegarra, Emmil E. C.",Control Desacoplado en Brazos Manipuladores Utilizando Aprendizaje por Refuerzo con Valores de Influencia,"X Congreso de la Sociedad Peruana de Computación, CSPC, Pucallpa – Perú",,2011,NO,,"Dennis Barrios Aranibar, Zegarra, Emmil E. C., Control Desacoplado en Brazos Manipuladores Utilizando Aprendizaje por Refuerzo con Valores de Influencia, X Congreso de la Sociedad Peruana de Computación, CSPC, Pucallpa – Perú, 2011"
Dennis Barrios Aranibar,"Álvarez, Humberto, Cuadros Vargas E., Patiño Escarcina, R",The Ghost Tiger Virtual Parallel File System,"X Congreso de la Sociedad Peruana de Computación, CSPC, Pucallpa – Perú",,2011,NO,,"Dennis Barrios Aranibar, Álvarez, Humberto, Cuadros Vargas E., Patiño Escarcina, R, The Ghost Tiger Virtual Parallel File System, X Congreso de la Sociedad Peruana de Computación, CSPC, Pucallpa – Perú, 2011"
Raquel Patiño Escarcina,"A. Bokan, G. Ponce, R. Patiño",A GH-SOM optimization with SOM labelling and dunn index,11th International Conference on Hybrid Intelligent Systems (HIS),572-577,2011,SI,http://ieeexplore.ieee.org/document/6122168/,"Raquel Patiño Escarcina, Alessandro Bokan Garay, Guillermo Ponce Contreras, A GH-SOM optimization with SOM labelling and dunn index, HIS, pp. 572-577, 2011"
Raquel Patiño Escarcina,"Yuber Velazco-Paredes, Roxana Flores-Quispe, Cesar Beltran-Castanon",Relevance Feedback through the Generation of Trees for Image Retrieval Based on Multitexton Histogram,SCCC,01-jul,2011,NO,,"Raquel Patiño Escarcina, Yuber Velazco-Paredes, Roxana Flores-Quispe, Cesar Beltran-Castanon, Relevance Feedback through the Generation of Trees for Image Retrieval Based on Multitexton Histogram, SCCC, pp. 1-7, 2011"
Raquel Patiño Escarcina,"Rodríguez, A.; Díaz-Zea, A; Flores, R.; Barrios-Aranibar, D",Determinación de la trayectoria de paso del Venturi para la succión de las branquias de la Concha de Abanico usando Visión Computacional,"X Congreso de la Sociedad Peruana de Computación, CSPC, Pucallpa – Perú",,2011,NO,,"Raquel Patiño Escarcina, Rodríguez, A.; Díaz-Zea, A; Flores, R.; Barrios-Aranibar, D, Determinación de la trayectoria de paso del Venturi para la succión de las branquias de la Concha de Abanico usando Visión Computacional, X Congreso de la Sociedad Peruana de Computación, CSPC, Pucallpa – Perú, 2011"
Raquel Patiño Escarcina,"Álvarez, Humberto, Cuadros Vargas E., Barrios Aranibar, D",The Ghost Tiger Virtual Parallel File System,"X Congreso de la Sociedad Peruana de Computación, CSPC, Pucallpa – Perú",,2011,NO,,"Raquel Patiño Escarcina, Álvarez, Humberto, Cuadros Vargas E., Barrios Aranibar, D, The Ghost Tiger Virtual Parallel File System, X Congreso de la Sociedad Peruana de Computación, CSPC, Pucallpa – Perú, 2011"
Javier Tejada Cárcamo,"R. López, D. Barreda, J. Tejada, E. Cuadros",MFSRank: An unsupervised method to extract keyphrases using semantic information,Advances in Artificial Intelligence,338-344,2011,SI,http://link.springer.com/chapter/10.1007%2F978-3-642-25324-9_29,"Javier Tejada Cárcamo, Roque Enrique López, Dennis Barreda, Ernesto Cuadros, MFSRank: An Unsupervised Method to Extract Keyphrases Using Semantic Information, MICAI (1), pp. 338-344, 2011"
Cristian Jose Lopez Del Alamo,"Herbert Chuctaya, Christian Portugal, Cesar Beltran, Juan C. Gutierrez, Yvan Tupac",M-CBIR: A Medical Content-Based Image Retrieval System Using Metric Data-Structures,SCCC,135-141,2011,NO,,"Cristian Jose Lopez Del Alamo, Herbert Chuctaya, Christian Portugal, Cesar Beltran, Juan C. Gutierrez, Yvan Tupac, M-CBIR: A Medical Content-Based Image Retrieval System Using Metric Data-Structures, SCCC, pp. 135-141, 2011"
Cristian Jose Lopez Del Alamo,,Reconocimiento de Patrones Utilizando Grafos,"Congreso Internacional Sudamericano de Ingeniería de Sistemas, computación e Informática, Puno",,2011,NO,,"Cristian Jose Lopez Del Alamo, , Reconocimiento de Patrones Utilizando Grafos, Congreso Internacional Sudamericano de Ingeniería de Sistemas, computación e Informática, Puno, 2011"
Erick Gomez Nieto,"Paulo Joia, Glenda Botelho, João do E. S. Batista Neto, Afonso Paiva, Luis Gustavo Nonato",Projection-Based Image Retrieval Using Class-Specific Metrics,SIBGRAPI,125-132,2011,NO,,"Erick Gomez Nieto, Paulo Joia, Glenda Botelho, João do E. S. Batista Neto, Afonso Paiva, Luis Gustavo Nonato, Projection-Based Image Retrieval Using Class-Specific Metrics, SIBGRAPI, pp. 125-132, 2011"
José Eduardo Ochoa Luna,"Kate Revoredo, Fabio Gagliardi Cozman",Learning Probabilistic Description Logics: A Framework and Algorithms,MICAI (1),28-39,2011,NO,,"José Eduardo Ochoa Luna, Kate Revoredo, Fabio Gagliardi Cozman, Learning Probabilistic Description Logics: A Framework and Algorithms, MICAI (1), pp. 28-39, 2011"
José Eduardo Ochoa Luna,"Kate Revoredo, Fabio Gagliardi Cozman",Semantic Link Prediction through Probabilistic Description Logics,URSW,87-97,2011,NO,,"José Eduardo Ochoa Luna, Kate Revoredo, Fabio Gagliardi Cozman, Semantic Link Prediction through Probabilistic Description Logics, URSW, pp. 87-97, 2011"
Regina Ticona Herrera,Lovón Alvarado G. y Patiño Escarcina R.,Modelo Difuso para la Fundamentación en Sentencias Penales,Encuentro Chileno de Computación ECC,,2011,NO,,"Regina Ticona Herrera, Lovón Alvarado G. y Patiño Escarcina R., Modelo Difuso para la Fundamentación en Sentencias Penales, Encuentro Chileno de Computación ECC, 2011"
Yuber Velazco Paredes,"Roxana Flores-Quispe, Raquel E. Patiño-Escarcina, Cesar Beltran-Castanon",Relevance Feedback through the Generation of Trees for Image Retrieval Based on Multitexton Histogram,SCCC,01-jul,2011,NO,,"Yuber Velazco Paredes, Roxana Flores-Quispe, Raquel E. Patiño-Escarcina, Cesar Beltran-Castanon, Relevance Feedback through the Generation of Trees for Image Retrieval Based on Multitexton Histogram, SCCC, pp. 1-7, 2011"
César Castelo Fernández,,Graph-Based Pattern Recognition: The Optimum-Path Forest Classifier,"X Congreso de la Sociedad Peruana de Computación, CSPC, Pucallpa – Perú",,2011,NO,,"César Castelo Fernández, , Graph-Based Pattern Recognition: The Optimum-Path Forest Classifier, X Congreso de la Sociedad Peruana de Computación, CSPC, Pucallpa – Perú, 2011"
Alex Jesus Cuadros Vargas,"Dueñas, Ricardo M., Barrios Aranibar, D.,Gutierrez, Juan C.",Comparaciónentre LVQ y Fuzzy ART para la interpretación de ondas cerebrales,"IX Congreso de la Sociedad Peruana de Computación, CSPC, Trujillo – Perú",,2010,NO,,"Alex Jesus Cuadros Vargas, Dueñas, Ricardo M., Barrios Aranibar, D.,Gutierrez, Juan C., Comparaciónentre LVQ y Fuzzy ART para la interpretación de ondas cerebrales, IX Congreso de la Sociedad Peruana de Computación, CSPC, Trujillo – Perú, 2010"
Yván Túpac Valdivia,"Talavera, A., Vellasco, M. M. B. R.",Controlling Oil Production in Smart Wells by MPC Strategy With Reinforcement Learning,"SPE Latin America and the Caribbean Petroleum Engineering Conference, Lima, Peru",,2010,NO,,"Yván Túpac Valdivia, Talavera, A., Vellasco, M. M. B. R., Controlling Oil Production in Smart Wells by MPC Strategy With Reinforcement Learning, SPE Latin America and the Caribbean Petroleum Engineering Conference, Lima, Peru, 2010"
Juan Carlos Gutierrez Caceres,"Dueñas, Ricardo M., Barrios Aranibar, D.,Cuadros Vargas, A",Comparaciónentre LVQ y Fuzzy ART para la interpretación de ondas cerebrales,"IX Congreso de la Sociedad Peruana de Computación, CSPC, Trujillo – Perú",,2010,NO,,"Juan Carlos Gutierrez Caceres, Dueñas, Ricardo M., Barrios Aranibar, D.,Cuadros Vargas, A, Comparaciónentre LVQ y Fuzzy ART para la interpretación de ondas cerebrales, IX Congreso de la Sociedad Peruana de Computación, CSPC, Trujillo – Perú, 2010"
Dennis Barrios Aranibar,"Dueñas, Ricardo M., Gutierrez, Juan C.; Cuadros Vargas, A. ",Comparaciónentre LVQ y Fuzzy ART para la interpretación de ondas cerebrales,"IX Congreso de la Sociedad Peruana de Computación, CSPC, Trujillo – Perú",,2010,NO,,"Dennis Barrios Aranibar, Dueñas, Ricardo M., Gutierrez, Juan C.; Cuadros Vargas, A. , Comparaciónentre LVQ y Fuzzy ART para la interpretación de ondas cerebrales, IX Congreso de la Sociedad Peruana de Computación, CSPC, Trujillo – Perú, 2010"
Dennis Barrios Aranibar,"Bustamante, M; del Álamo, C. L",Una propuesta de Control de Acceso para Teléfonos Móviles Inteligentes,"IX Congreso de la Sociedad Peruana de Computación, CSPC, Trujillo – Perú",,2010,NO,,"Dennis Barrios Aranibar, Bustamante, M; del Álamo, C. L, Una propuesta de Control de Acceso para Teléfonos Móviles Inteligentes, IX Congreso de la Sociedad Peruana de Computación, CSPC, Trujillo – Perú, 2010"
Dennis Barrios Aranibar,"Paredes, Mónika L",Seleccion de caracteristicas para la detección de intrusos basado en algoritmos genéticos y k-means,"IX Congreso de la Sociedad Peruana de Computación, CSPC, Trujillo – Perú",,2010,NO,,"Dennis Barrios Aranibar, Paredes, Mónika L, Seleccion de caracteristicas para la detección de intrusos basado en algoritmos genéticos y k-means, IX Congreso de la Sociedad Peruana de Computación, CSPC, Trujillo – Perú, 2010"
Javier Tejada Cárcamo,"A. Gelbukh, H. Calvo, J. Villegas",Impacto de Recursos Léxicos Manuales y Automáticos en la WSD,CLEI,,2010,NO,,"Javier Tejada Cárcamo, A. Gelbukh, H. Calvo, J. Villegas, Impacto de Recursos Léxicos Manuales y Automáticos en la WSD, CLEI, 2010"
Javier Tejada Cárcamo,"A. Gelbukh, H. Calvo ",The Role of Weighted Terms for Detecting the Most Frequent Sense in WSD,Revista ISI. JCR,,2010,NO,,"Javier Tejada Cárcamo, A. Gelbukh, H. Calvo , The Role of Weighted Terms for Detecting the Most Frequent Sense in WSD, Revista ISI. JCR, 2010"
Javier Tejada Cárcamo,"Hiram Calvo, Alexander F. Gelbukh, Kazuo Hara",Unsupervised WSD by Finding the Predominant Sense Using Context as a Dynamic Thesaurus,J. Comput. Sci. Technol. 25(5),1030-1039,2010,NO,,"Javier Tejada Cárcamo, Hiram Calvo, Alexander F. Gelbukh, Kazuo Hara, Unsupervised WSD by Finding the Predominant Sense Using Context as a Dynamic Thesaurus, J. Comput. Sci. Technol. 25(5), pp. 1030-1039, 2010"
Cristian Jose Lopez Del Alamo,"Bustamante M, Barrios D.",Propuesta de Control de Acceso para Teléfonos Móviles Inteligentes,"IX Congreso de la Sociedad Peruana de Computación, CSPC, Trujillo – Perú",,2010,NO,,"Cristian Jose Lopez Del Alamo, Bustamante M, Barrios D., Propuesta de Control de Acceso para Teléfonos Móviles Inteligentes, IX Congreso de la Sociedad Peruana de Computación, CSPC, Trujillo – Perú, 2010"
José Eduardo Ochoa Luna,"Kate Revoredo, Fabio Gagliardi Cozman",Learning Terminologies in Probabilistic Description Logics,SBIA,41-50,2010,NO,,"José Eduardo Ochoa Luna, Kate Revoredo, Fabio Gagliardi Cozman, Learning Terminologies in Probabilistic Description Logics, SBIA, pp. 41-50, 2010"
José Eduardo Ochoa Luna,"Kate Revoredo, Fabio Gagliardi Cozman",Semantic Query Extension through Probabilistic Description Logics,URSW,49-60,2010,NO,,"José Eduardo Ochoa Luna, Kate Revoredo, Fabio Gagliardi Cozman, Semantic Query Extension through Probabilistic Description Logics, URSW, pp. 49-60, 2010"
José Eduardo Ochoa Luna,"Kate Revoredo, Fabio Gagliardi Cozman",Learning Sentences and Assessments in Probabilistic Description Logics,URSW,85-96,2010,NO,,"José Eduardo Ochoa Luna, Kate Revoredo, Fabio Gagliardi Cozman, Learning Sentences and Assessments in Probabilistic Description Logics, URSW, pp. 85-96, 2010"
César Castelo Fernández,,Improving de Accuracy of the Optimum-Path Forest Supervised Classifier for Large Datasets ,"15th Iberoamerican Congress on Pattern Recognition - CIARP, University of São Paulo, São Paulo, SP, Brazil",,2010,NO,,"César Castelo Fernández, , Improving de Accuracy of the Optimum-Path Forest Supervised Classifier for Large Datasets , 15th Iberoamerican Congress on Pattern Recognition - CIARP, University of São Paulo, São Paulo, SP, Brazil, 2010"
Alex Jesus Cuadros Vargas,"Mario A. S. Lizier, Rosane Minghim, Luis Gustavo Nonato",Generating Segmented Quality Meshes from Images,Journal of Mathematical Imaging and Vision 33(1),nov-23,2009,NO,,"Alex Jesus Cuadros Vargas, Mario A. S. Lizier, Rosane Minghim, Luis Gustavo Nonato, Generating Segmented Quality Meshes from Images, Journal of Mathematical Imaging and Vision 33(1), pp. 11-23, 2009"
Alex Jesus Cuadros Vargas,"Mario A. S. Lizier, David Correa Martins Jr., Roberto Marcondes Cesar Junior, Luis Gustavo Nonato",Generating segmented meshes from textured color images,Visual Communication and Image Representation 20(3),190-203,2009,NO,,"Alex Jesus Cuadros Vargas, Mario A. S. Lizier, David Correa Martins Jr., Roberto Marcondes Cesar Junior, Luis Gustavo Nonato, Generating segmented meshes from textured color images, Visual Communication and Image Representation 20(3), pp. 190-203, 2009"
Alex Jesus Cuadros Vargas,"M. Lizier, R. Minghim, L. G. Nonato",Generating segmented quality meshes from non-processed images,Journal of Mathematical Imaging and Vision,,2009,NO,,"Alex Jesus Cuadros Vargas, M. Lizier, R. Minghim, L. G. Nonato, Generating segmented quality meshes from non-processed images, Journal of Mathematical Imaging and Vision, 2009"
Yván Túpac Valdivia,"Talavera, A., Silva, C., Vellasco, M. M. B. R.",Controle Preditivo com Reinforcement Learning para Produção de Óleo em um Reservatório,IX Simpósio Brasileiro de Automação Inteligente,,2009,NO,,"Yván Túpac Valdivia, Talavera, A., Silva, C., Vellasco, M. M. B. R., Controle Preditivo com Reinforcement Learning para Produção de Óleo em um Reservatório, IX Simpósio Brasileiro de Automação Inteligente, 2009"
Raquel Patiño Escarcina,José Alfredo Ferreira Costa,A New Segmentation Approach in Structured Self-Organizing Maps for Image Retrieval,IDEAL,441-448,2009,NO,,"Raquel Patiño Escarcina, José Alfredo Ferreira Costa, A New Segmentation Approach in Structured Self-Organizing Maps for Image Retrieval, IDEAL, pp. 441-448, 2009"
Cristian Jose Lopez Del Alamo,Meza-Lovon G.,Descubrimiento basado en clustering de la influencia de rasgos psicológicos sobre el desempeño académico,Jornadas Chilenas de Computación,,2009,NO,,"Cristian Jose Lopez Del Alamo, Meza-Lovon G., Descubrimiento basado en clustering de la influencia de rasgos psicológicos sobre el desempeño académico, Jornadas Chilenas de Computación, 2009"
José Eduardo Ochoa Luna,"Cassio Polpo de Campos, Fabio Gagliardi Cozman",Assembling a consistent set of sentences in relational probabilistic logic with stochastic independence,J. Applied Logic 7(2),137-154,2009,NO,,"José Eduardo Ochoa Luna, Cassio Polpo de Campos, Fabio Gagliardi Cozman, Assembling a consistent set of sentences in relational probabilistic logic with stochastic independence, J. Applied Logic 7(2), pp. 137-154, 2009"
José Eduardo Ochoa Luna,Fabio Gagliardi Cozman,An Algorithm for Learning with Probabilistic Description Logics,URSW,63-74,2009,NO,,"José Eduardo Ochoa Luna, Fabio Gagliardi Cozman, An Algorithm for Learning with Probabilistic Description Logics, URSW, pp. 63-74, 2009"
Gina Meza Lovón,Lopez Del Alamo C.,Descubrimiento basado en clustering de la influencia de rasgos psicológicos sobre el desempeño académico,Jornadas Chilenas de Computación,,2009,NO,,"Gina Meza Lovón, Lopez Del Alamo C., Descubrimiento basado en clustering de la influencia de rasgos psicológicos sobre el desempeño académico, Jornadas Chilenas de Computación, 2009"
Yván Túpac Valdivia,"Almeida, L. F., Pacheco, M., Vellasco, M, Lazo, J.",Sistema de apoio à decisão para uso de poços inteligentes no desenvolvimento de reservatórios de petróleo,"Boletim técnico da produção de petróleo. , v.3",177-222,2008,NO,,"Yván Túpac Valdivia, Almeida, L. F., Pacheco, M., Vellasco, M, Lazo, J., Sistema de apoio à decisão para uso de poços inteligentes no desenvolvimento de reservatórios de petróleo, Boletim técnico da produção de petróleo. , v.3, pp. 177-222, 2008"
Yván Túpac Valdivia,"de Miranda, C. V. C., Lazo, J.",Modelos de Redes Neuronales para Previsión de Datos de Alta Frecuencia de Carga Eléctrica,"XV Congreso Internacional de Ingeniería Eléctrica, Electrónica y de Sistemas, Trujillo, Peru",,2008,NO,,"Yván Túpac Valdivia, de Miranda, C. V. C., Lazo, J., Modelos de Redes Neuronales para Previsión de Datos de Alta Frecuencia de Carga Eléctrica, XV Congreso Internacional de Ingeniería Eléctrica, Electrónica y de Sistemas, Trujillo, Peru, 2008"
Yván Túpac Valdivia,"Almeida, L. F., Lazo, J., Pacheco, M. A. C., Vellasco, M. M. B. R.",Decision Support System for Economic Analysis of E&P Projects under Uncertainties,"Intelligent Energy, Amsterdam",,2008,NO,,"Yván Túpac Valdivia, Almeida, L. F., Lazo, J., Pacheco, M. A. C., Vellasco, M. M. B. R., Decision Support System for Economic Analysis of E&P Projects under Uncertainties, Intelligent Energy, Amsterdam, 2008"
Dennis Barrios Aranibar,"Goncalves, Luis M. G.",Aprendizado por Reforço com Valores de Influência para Sistemas Multi-Agentes,"IV Workshop on MSc Dissertation and PhD Thesis in Artificial Intelligence(WTDIA), Salvador, Brasil",,2008,NO,,"Dennis Barrios Aranibar, Goncalves, Luis M. G., Aprendizado por Reforço com Valores de Influência para Sistemas Multi-Agentes, IV Workshop on MSc Dissertation and PhD Thesis in Artificial Intelligence(WTDIA), Salvador, Brasil, 2008"
Dennis Barrios Aranibar,"Silva, A. F., Silva, A., Goncalves, L. M.,Guerreiro, A. M. G.",Utilização da Teoria de Vygotsky em Robótica Educativa,"IX Congreso Iberoamericano De Informática Educativa RIBIE, Caracas, Venezuela",,2008,NO,,"Dennis Barrios Aranibar, Silva, A. F., Silva, A., Goncalves, L. M.,Guerreiro, A. M. G., Utilização da Teoria de Vygotsky em Robótica Educativa, IX Congreso Iberoamericano De Informática Educativa RIBIE, Caracas, Venezuela, 2008"
Raquel Patiño Escarcina,José Alfredo Ferreira Costa,The Semantic Clustering of Images and Its Relation with Low Level Color Features,ICSC,74-79,2008,NO,,"Raquel Patiño Escarcina, José Alfredo Ferreira Costa, The Semantic Clustering of Images and Its Relation with Low Level Color Features, ICSC, pp. 74-79, 2008"
Raquel Patiño Escarcina,"Barrios-Aranibar, D., Silva I. A., Luz M. S., Bedregal, B. C.",Sistema de Custos para o Centro de Diagnóstico por Imagens do Hospital Universitário Onofre Lopes,"XV Congresso Brasileiro de Custos. Custos e Competitividade: O Desafio da Década, Curitiba, Paraná, Brasil",,2008,NO,,"Raquel Patiño Escarcina, Barrios-Aranibar, D., Silva I. A., Luz M. S., Bedregal, B. C., Sistema de Custos para o Centro de Diagnóstico por Imagens do Hospital Universitário Onofre Lopes, XV Congresso Brasileiro de Custos. Custos e Competitividade: O Desafio da Década, Curitiba, Paraná, Brasil, 2008"
Raquel Patiño Escarcina,"Barrios-Aranibar, D., Silva I. A., Luz M. S., Bedregal, B. C.",Ponto de Equilíbrio Difuso para Grupos de Procedimentos do CDI-HUOL,"CNMAC, Congresso Nacional de Matemática Aplicada e Computacional",,2008,NO,,"Raquel Patiño Escarcina, Barrios-Aranibar, D., Silva I. A., Luz M. S., Bedregal, B. C., Ponto de Equilíbrio Difuso para Grupos de Procedimentos do CDI-HUOL, CNMAC, Congresso Nacional de Matemática Aplicada e Computacional, 2008"
Javier Tejada Cárcamo,"A. Gelbukh, H. Calvo, Kazuo Hara",How to improve the semantic quality of a Word Space Model using different classes of information,TSD,,2008,NO,,"Javier Tejada Cárcamo, A. Gelbukh, H. Calvo, Kazuo Hara, How to improve the semantic quality of a Word Space Model using different classes of information, TSD, 2008"
Javier Tejada Cárcamo,"Alexander F. Gelbukh, Hiram Calvo",An Innovative Two-Stage WSD Unsupervised Method,Procesamiento del Lenguaje Natural 40,,2008,NO,,"Javier Tejada Cárcamo, Alexander F. Gelbukh, Hiram Calvo, An Innovative Two-Stage WSD Unsupervised Method, Procesamiento del Lenguaje Natural 40, 2008"
Javier Tejada Cárcamo,"Hiram Calvo, Alexander F. Gelbukh",Improving Unsupervised WSD with a Dynamic Thesaurus,TSD,201-210,2008,NO,,"Javier Tejada Cárcamo, Hiram Calvo, Alexander F. Gelbukh, Improving Unsupervised WSD with a Dynamic Thesaurus, TSD, pp. 201-210, 2008"
César Castelo Fernández,,An efficient approach for Shot Detection in Video Sequences,"Proceedings of the II Peruvian Symposium on Image Processing and Computer Graphics, Arequipa, Perú",,2008,NO,,"César Castelo Fernández, , An efficient approach for Shot Detection in Video Sequences, Proceedings of the II Peruvian Symposium on Image Processing and Computer Graphics, Arequipa, Perú, 2008"
César Castelo Fernández,,Content-Based Video Retrieval through Wavelets and Clustering,"IV Workshop of Computer Vision, São Paulo State University, Baurú, SP, Brazil",,2008,NO,,"César Castelo Fernández, , Content-Based Video Retrieval through Wavelets and Clustering, IV Workshop of Computer Vision, São Paulo State University, Baurú, SP, Brazil, 2008"
César Castelo Fernández,,Image Searching in Videos using Gabor Filters,"Proceedings of the XII International South-American Conference on Systems Engineering, Computing and Informatics, Arequipa, Perú",,2008,NO,,"César Castelo Fernández, , Image Searching in Videos using Gabor Filters, Proceedings of the XII International South-American Conference on Systems Engineering, Computing and Informatics, Arequipa, Perú, 2008"
Ernesto Cuadros Vargas,Alexander Ocsa,DBM*-Tree: an efficient metric access method,ACM Southeast Regional Conference,401-406,2007,NO,,"Ernesto Cuadros Vargas, Alexander Ocsa, DBM*-Tree: an efficient metric access method, ACM Southeast Regional Conference, pp. 401-406, 2007"
Ernesto Cuadros Vargas,"Alexander Ocsa, Carlos Bedregal",DB-GNG: A constructive Self-Organizing Map based on densilty,IJCNN,1953-1958,2007,NO,,"Ernesto Cuadros Vargas, Alexander Ocsa, Carlos Bedregal, DB-GNG: A constructive Self-Organizing Map based on densilty, IJCNN, pp. 1953-1958, 2007"
Ernesto Cuadros Vargas,Omar U. Flórez-Choque,"An Improve to Human Computer Interaction, Recovering Data from Databases Through Spoken Natural Language",ISNN,620-629,2007,NO,,"Ernesto Cuadros Vargas, Omar U. Flórez-Choque, An Improve to Human Computer Interaction, Recovering Data from Databases Through Spoken Natural Language, ISNN, pp. 620-629, 2007"
Ernesto Cuadros Vargas,"Alexander Ocsa, Carlos Bedregal",A new approach for similarity queries using neighborhood graphs,SBBD,131-142,2007,NO,,"Ernesto Cuadros Vargas, Alexander Ocsa, Carlos Bedregal, A new approach for similarity queries using neighborhood graphs, SBBD, pp. 131-142, 2007"
Alex Jesus Cuadros Vargas,"Nonato, L. G.; Tejada, E.; Ertl, T",Generating segmented tetrahedral meshes from regular volume data for simulation and visualization applications,"Proceedings of the International Symposium on Computational Modelling of Objects Represented in Images - Fundamentals, Methods and Applications (CompIMAGE 2006)",141-146,2007,NO,,"Alex Jesus Cuadros Vargas, Nonato, L. G.; Tejada, E.; Ertl, T, Generating segmented tetrahedral meshes from regular volume data for simulation and visualization applications, Proceedings of the International Symposium on Computational Modelling of Objects Represented in Images - Fundamentals, Methods and Applications (CompIMAGE 2006), pp. 141-146, 2007"
Yván Túpac Valdivia,"Almeida, L. F., Pacheco, M., Vellasco, M.",EXPLOT - Sistema de apoio à decisão para a otimização da explotação de petróleo,"Boletim técnico da Produção de Petróleo. , v.2",107 - 129,2007,NO,,"Yván Túpac Valdivia, Almeida, L. F., Pacheco, M., Vellasco, M., EXPLOT - Sistema de apoio à decisão para a otimização da explotação de petróleo, Boletim técnico da Produção de Petróleo. , v.2, pp. 107 - 129, 2007"
Yván Túpac Valdivia,"Almeida, L. F., Vellasco, M. M. B. R., Pacheco, M. A. C.",Otimização de alternativas para o desenvolvimento de campos de petróleo,"Gestão e Produção (UFSCar). , v.14",489-503,2007,NO,,"Yván Túpac Valdivia, Almeida, L. F., Vellasco, M. M. B. R., Pacheco, M. A. C., Otimização de alternativas para o desenvolvimento de campos de petróleo, Gestão e Produção (UFSCar). , v.14, pp. 489-503, 2007"
Yván Túpac Valdivia,"Luciana Faletti Almeida, Juan G. Lazo Lazo, Marco Aurélio Cavalcanti Pacheco, Marley Maria Bernardes Rebuzzi Vellasco",Evolutionary Computation for Valves Control Optimization in Intelligent Wells Under Uncertainties,IFSA (2),425-434,2007,NO,,"Yván Túpac Valdivia, Luciana Faletti Almeida, Juan G. Lazo Lazo, Marco Aurélio Cavalcanti Pacheco, Marley Maria Bernardes Rebuzzi Vellasco, Evolutionary Computation for Valves Control Optimization in Intelligent Wells Under Uncertainties, IFSA (2), pp. 425-434, 2007"
Yván Túpac Valdivia,"Almeida, L. F., Lazo, J., Pacheco, M. A. C., Vellasco, M. M. B. R. ",Computação evolucionária na otimização do controle de válvulas em poços inteligentes considerando incertezas,"CITARE Congresso Ibero-Americano em Áreas Estratégicas e Inovação Tecnológica, Rio de Janeiro",,2007,NO,,"Yván Túpac Valdivia, Almeida, L. F., Lazo, J., Pacheco, M. A. C., Vellasco, M. M. B. R. , Computação evolucionária na otimização do controle de válvulas em poços inteligentes considerando incertezas, CITARE Congresso Ibero-Americano em Áreas Estratégicas e Inovação Tecnológica, Rio de Janeiro, 2007"
Yván Túpac Valdivia,"Almeida, L. F., Pacheco, M. A. C., Vellasco, M. M. B. R.",Otimização Evolucionária do Desenvolvimento de Campos Petrolíferos,"CITARE Congresso Ibero-Americano em Áreas Estratégicas e Inovação Tecnológica, Rio de Janeiro",,2007,NO,,"Yván Túpac Valdivia, Almeida, L. F., Pacheco, M. A. C., Vellasco, M. M. B. R., Otimização Evolucionária do Desenvolvimento de Campos Petrolíferos, CITARE Congresso Ibero-Americano em Áreas Estratégicas e Inovação Tecnológica, Rio de Janeiro, 2007"
Yván Túpac Valdivia,"Almeida, L. F., Lazo, J., Pacheco, M. A. C., Vellasco, M. M. B. R.",Evolutionary Computation for Valves Control Optimization in Intelligent Wells Under Uncertainties,IFSA,,2007,NO,,"Yván Túpac Valdivia, Almeida, L. F., Lazo, J., Pacheco, M. A. C., Vellasco, M. M. B. R., Evolutionary Computation for Valves Control Optimization in Intelligent Wells Under Uncertainties, IFSA, 2007"
Yván Túpac Valdivia,"Almeida, L. F., Lazo, J., Pacheco, M. A. C., Vellasco, M. M. B. R.",Modelo Evolucionário de Controle Pró-Ativo sob Incertezas Técnicas com Tecnologia de Poços Inteligentes,Anais do IV Rio Automação 2007,,2007,NO,,"Yván Túpac Valdivia, Almeida, L. F., Lazo, J., Pacheco, M. A. C., Vellasco, M. M. B. R., Modelo Evolucionário de Controle Pró-Ativo sob Incertezas Técnicas com Tecnologia de Poços Inteligentes, Anais do IV Rio Automação 2007, 2007"
Yván Túpac Valdivia,"Souza, R., Barros, M., Lazo, J., de Miranda, C. V. C.",Previsão de dados de alta freqüência para carga elétrica usando uma combinação entre redes neurais e Holt-Winters com dois ciclos,XXXIX SBPO: Brazilian Symposium on Operations Research,605-616,2007,NO,,"Yván Túpac Valdivia, Souza, R., Barros, M., Lazo, J., de Miranda, C. V. C., Previsão de dados de alta freqüência para carga elétrica usando uma combinação entre redes neurais e Holt-Winters com dois ciclos, XXXIX SBPO: Brazilian Symposium on Operations Research, pp. 605-616, 2007"
Yván Túpac Valdivia,"Almeida, L. F., Pacheco, M. A. C., Vellasco, M. M. B. R.",Evolutionary Optimization of Oil Field Development,"SPE Digital Energy Conference and Exhibition, 2007, Houston",,2007,NO,,"Yván Túpac Valdivia, Almeida, L. F., Pacheco, M. A. C., Vellasco, M. M. B. R., Evolutionary Optimization of Oil Field Development, SPE Digital Energy Conference and Exhibition, 2007, Houston, 2007"
Yván Túpac Valdivia,"Almeida, L. F., Lazo, J., Pacheco, M. A. C., Vellasco, M. M. B. R.",Evolutionary Optimization of Smart Wells Control under Technical Uncertainties,"X Latin American and Caribbean Petroleum Engineering Conference - Excelencia para el Desarrollo Energético, 2007, Buenos Aires.",,2007,NO,,"Yván Túpac Valdivia, Almeida, L. F., Lazo, J., Pacheco, M. A. C., Vellasco, M. M. B. R., Evolutionary Optimization of Smart Wells Control under Technical Uncertainties, X Latin American and Caribbean Petroleum Engineering Conference - Excelencia para el Desarrollo Energético, 2007, Buenos Aires., 2007"
Dennis Barrios Aranibar,Luiz Marcos Garcia Gonçalves,Learning to Reach Optimal Equilibrium by Influence of Other Agents Opinion,HIS,198-203,2007,NO,,"Dennis Barrios Aranibar, Luiz Marcos Garcia Gonçalves, Learning to Reach Optimal Equilibrium by Influence of Other Agents Opinion, HIS, pp. 198-203, 2007"
Dennis Barrios Aranibar,Luiz Marcos Garcia Gonçalves,Learning Coordination in Multi-Agent Systems Using Influence Value Reinforcement Learning,ISDA,471-478,2007,NO,,"Dennis Barrios Aranibar, Luiz Marcos Garcia Gonçalves, Learning Coordination in Multi-Agent Systems Using Influence Value Reinforcement Learning, ISDA, pp. 471-478, 2007"
Dennis Barrios Aranibar,Pablo Javier Alsina,Imitation Learning: An Application in a Micro Robot Soccer Game,Mobile Robots,201-219,2007,NO,,"Dennis Barrios Aranibar, Pablo Javier Alsina, Imitation Learning: An Application in a Micro Robot Soccer Game, Mobile Robots, pp. 201-219, 2007"
Dennis Barrios Aranibar,"Goncalves, Luis M. G.",Learning from Delayed Rewards using Influence Values Applied to Coordination in Multi-Agent Systems,"VIIISBAI - Simpósio Brasileiro de Automação Inteligente, Florianópolis., Brasil",,2007,NO,,"Dennis Barrios Aranibar, Goncalves, Luis M. G., Learning from Delayed Rewards using Influence Values Applied to Coordination in Multi-Agent Systems, VIIISBAI - Simpósio Brasileiro de Automação Inteligente, Florianópolis., Brasil, 2007"
Dennis Barrios Aranibar,"Goncalves, Luis M. G.",Learning to Collaborate from Delayed Rewards in Foraging Like Environments,"VI JORNADAS PERUANAS DE COMPUTACIÓN - JPC 2007,Trujillo. Peru",,2007,NO,,"Dennis Barrios Aranibar, Goncalves, Luis M. G., Learning to Collaborate from Delayed Rewards in Foraging Like Environments, VI JORNADAS PERUANAS DE COMPUTACIÓN - JPC 2007,Trujillo. Peru, 2007"
Raquel Patiño Escarcina,José Alfredo Ferreira Costa,Content Based Image Retrieval using a Descriptors Hierarchy,HIS,228-233,2007,NO,,"Raquel Patiño Escarcina, José Alfredo Ferreira Costa, Content Based Image Retrieval using a Descriptors Hierarchy, HIS, pp. 228-233, 2007"
Raquel Patiño Escarcina,José Alfredo Ferreira Costa,An Evaluation of MLP Neural Network Efficiency for Image Filtering,ISDA,335-340,2007,NO,,"Raquel Patiño Escarcina, José Alfredo Ferreira Costa, An Evaluation of MLP Neural Network Efficiency for Image Filtering, ISDA, pp. 335-340, 2007"
Javier Tejada Cárcamo,"A. Gelbukh, H. Calvo",Unsupervised WSD with a Dynamic Thesaurus,TSD,,2007,NO,,"Javier Tejada Cárcamo, A. Gelbukh, H. Calvo, Unsupervised WSD with a Dynamic Thesaurus, TSD, 2007"
Ana María Cuadros,"Fernando Vieira Paulovich, Rosane Minghim, Guilherme P. Telles",Point Placement by Phylogenetic Trees and its Application to Visual Analysis of Document Collections,IEEE VAST,99-106,2007,NO,,"Ana María Cuadros, Fernando Vieira Paulovich, Rosane Minghim, Guilherme P. Telles, Point Placement by Phylogenetic Trees and its Application to Visual Analysis of Document Collections, IEEE VAST, pp. 99-106, 2007"
Ernesto Cuadros Vargas,Omar U. Flórez-Choque,A Biologically Motivated Computational Architecture Inspired in the Human Immunological System to Quantify Abnormal Behaviors to Detect Presence of Intruders,BICC ,95-106,2006,NO,,"Ernesto Cuadros Vargas, Omar U. Flórez-Choque, A Biologically Motivated Computational Architecture Inspired in the Human Immunological System to Quantify Abnormal Behaviors to Detect Presence of Intruders, BICC , pp. 95-106, 2006"
Ernesto Cuadros Vargas,Carlos Bedregal,Using Large Databases and Self-Organizing Maps without tears,IJCNN,3295-3299,2006,NO,,"Ernesto Cuadros Vargas, Carlos Bedregal, Using Large Databases and Self-Organizing Maps without tears, IJCNN, pp. 3295-3299, 2006"
Alex Jesus Cuadros Vargas,"Nonato, L. G.",Imesh: Quality mesh generation from images,Proceedings of European Congress On Computational Fluid Dynamics (ECCOMAS'06),ene-13,2006,NO,,"Alex Jesus Cuadros Vargas, Nonato, L. G., Imesh: Quality mesh generation from images, Proceedings of European Congress On Computational Fluid Dynamics (ECCOMAS'06), pp. 1-13, 2006"
Alex Jesus Cuadros Vargas,"Leandro C. Gerhardinger, Mario de Castro, João Batista Neto, Luis Gustavo Nonato",Improving 2D mesh image segmentation with Markovian Random Fields,SIBGRAPI,61-70,2006,NO,,"Alex Jesus Cuadros Vargas, Leandro C. Gerhardinger, Mario de Castro, João Batista Neto, Luis Gustavo Nonato, Improving 2D mesh image segmentation with Markovian Random Fields, SIBGRAPI, pp. 61-70, 2006"
Juan Carlos Gutierrez Caceres,"Zhao L, Szu C., Damiance Jr. A. P. G.",Chaotic Dynamics for Multi-Value Content Addressable Memory,"Neurocomputing, Vol.69, No. 1",1628-1636,2006,NO,,"Juan Carlos Gutierrez Caceres, Zhao L, Szu C., Damiance Jr. A. P. G., Chaotic Dynamics for Multi-Value Content Addressable Memory, Neurocomputing, Vol.69, No. 1, pp. 1628-1636, 2006"
Juan Carlos Gutierrez Caceres,W. Bardales,Extracción de Características de Huellas Digitales,I Jornadas Peruanas de Computación SPC Arequipa - Perú,,2006,NO,,"Juan Carlos Gutierrez Caceres, W. Bardales, Extracción de Características de Huellas Digitales, I Jornadas Peruanas de Computación SPC Arequipa - Perú, 2006"
Juan Carlos Gutierrez Caceres,,Reconocimiento Óptico de Caracteres,I Jornadas Peruanas de Computación SPC Arequipa - Perú,,2006,NO,,"Juan Carlos Gutierrez Caceres, , Reconocimiento Óptico de Caracteres, I Jornadas Peruanas de Computación SPC Arequipa - Perú, 2006"
Juan Carlos Gutierrez Caceres,C. Palacios,Detección y Seguimiento de Rostros en Segmentos de video,I Jornadas Peruanas de SPC Arequipa - Perú,,2006,NO,,"Juan Carlos Gutierrez Caceres, C. Palacios, Detección y Seguimiento de Rostros en Segmentos de video, I Jornadas Peruanas de SPC Arequipa - Perú, 2006"
Juan Carlos Gutierrez Caceres,F. San Roman,"Normalización con respecto a Transformaciones Geométricas (traslación, rotación y escala)",I Jornadas Peruanas de SPC Arequipa - Perú,,2006,NO,,"Juan Carlos Gutierrez Caceres, F. San Roman, Normalización con respecto a Transformaciones Geométricas (traslación, rotación y escala), I Jornadas Peruanas de SPC Arequipa - Perú, 2006"
Juan Carlos Gutierrez Caceres,N. Carpio,Recuperación de Rostros Similares Basado en la Transformada de Gabor Wavelet,I Jornadas Peruanas de SPC Arequipa - Perú,,2006,NO,,"Juan Carlos Gutierrez Caceres, N. Carpio, Recuperación de Rostros Similares Basado en la Transformada de Gabor Wavelet, I Jornadas Peruanas de SPC Arequipa - Perú, 2006"
Frizzi San Roman,J. C. Gutiérrez,"Normalización con respecto a Transformaciones Geométricas (traslación, rotación y escala)",I Jornadas Peruanas de SPC Arequipa - Perú,,2006,NO,,"Frizzi San Roman, J. C. Gutiérrez, Normalización con respecto a Transformaciones Geométricas (traslación, rotación y escala), I Jornadas Peruanas de SPC Arequipa - Perú, 2006"
Alex Jesus Cuadros Vargas,"Luis Gustavo Nonato, Rosane Minghim, Maria Cristina Ferreira de Oliveira",Beta-connection: Generating a family of models from planar cross sections,ACM Trans. Graph. 24(4),1239-1258,2005,NO,,"Alex Jesus Cuadros Vargas, Luis Gustavo Nonato, Rosane Minghim, Maria Cristina Ferreira de Oliveira, Beta-connection: Generating a family of models from planar cross sections, ACM Trans. Graph. 24(4), pp. 1239-1258, 2005"
Alex Jesus Cuadros Vargas,"Luis Gustavo Nonato, Rosane Minghim, Tiago Etiene",Imesh: An Image Based Quality Mesh Generation Technique,SIBGRAPI,341-348,2005,NO,,"Alex Jesus Cuadros Vargas, Luis Gustavo Nonato, Rosane Minghim, Tiago Etiene, Imesh: An Image Based Quality Mesh Generation Technique, SIBGRAPI, pp. 341-348, 2005"
Juan Carlos Gutierrez Caceres,J. Hinojosa,Autentificación de un Sistema de Detección de Intrusos (SDI) usando Redes Neuronales,III Congreso Internacional de Científicos Peruanos Red Mundial de Científicos Peruanos Lima - Perú,,2005,NO,,"Juan Carlos Gutierrez Caceres, J. Hinojosa, Autentificación de un Sistema de Detección de Intrusos (SDI) usando Redes Neuronales, III Congreso Internacional de Científicos Peruanos Red Mundial de Científicos Peruanos Lima - Perú, 2005"
Dennis Barrios Aranibar,Pablo Javier Alsina,Recognizing Behaviors Patterns in a Micro Robot Soccer Game,HIS,463-468,2005,NO,,"Dennis Barrios Aranibar, Pablo Javier Alsina, Recognizing Behaviors Patterns in a Micro Robot Soccer Game, HIS, pp. 463-468, 2005"
Javier Tejada Cárcamo,"A. Gelbukh, H. Calvo",Desambiguación de sentidos de palabras usando relaciones sintácticas como contexto local,Tutorials and Workshops of Fourth Mexican International Conference on Artificial Intelligence,,2005,NO,,"Javier Tejada Cárcamo, A. Gelbukh, H. Calvo, Desambiguación de sentidos de palabras usando relaciones sintácticas como contexto local, Tutorials and Workshops of Fourth Mexican International Conference on Artificial Intelligence, 2005"
José Eduardo Ochoa Luna,Maria Bernadete Zanusso,Revisited EM Algorithms for Learning Structure and Parameters in Bayesian Networks,IC-AI,572-578,2005,NO,,"José Eduardo Ochoa Luna, Maria Bernadete Zanusso, Revisited EM Algorithms for Learning Structure and Parameters in Bayesian Networks, IC-AI, pp. 572-578, 2005"
Alex Jesus Cuadros Vargas,"Nonato, L. G.",Bidimensional Delaunay mesh generation from images,Proceedings of XXV Iberian Latin American Congress on Computational Methods in Engineering (CILAMCE'04),ene-15,2004,NO,,"Alex Jesus Cuadros Vargas, Nonato, L. G., Bidimensional Delaunay mesh generation from images, Proceedings of XXV Iberian Latin American Congress on Computational Methods in Engineering (CILAMCE'04), pp. 1-15, 2004"
Yván Túpac Valdivia,"Vellasco, M. M. B. R., Pacheco, M. A. C.",Genetic Algorithms with Distributed Evaluation: An application Optimizing Oilfield Development Alternatives,Encuentro Científico Internacional de Invierno ECI2004i,,2004,NO,,"Yván Túpac Valdivia, Vellasco, M. M. B. R., Pacheco, M. A. C., Genetic Algorithms with Distributed Evaluation: An application Optimizing Oilfield Development Alternatives, Encuentro Científico Internacional de Invierno ECI2004i, 2004"
Raquel Patiño Escarcina,"Benjamín René Callejas Bedregal, Aarão Lyra",Interval Computing in Neural Networks: One Layer Interval Neural Networks,CIT,68-75,2004,NO,,"Raquel Patiño Escarcina, Benjamín René Callejas Bedregal, Aarão Lyra, Interval Computing in Neural Networks: One Layer Interval Neural Networks, CIT, pp. 68-75, 2004"
Alex Jesus Cuadros Vargas,J. Gutierrez C,Celular Neural Networs: A Review,I Congreso Internacional de Científicos Peruanos Red Mundial de Científicos Peruanos Lima - Perú Ciencias de la Computación.,,2003,NO,,"Alex Jesus Cuadros Vargas, J. Gutierrez C, Celular Neural Networs: A Review, I Congreso Internacional de Científicos Peruanos Red Mundial de Científicos Peruanos Lima - Perú Ciencias de la Computación., 2003"
Juan Carlos Gutierrez Caceres,"L. Zhao, H. Szu",Chaotic Associative Recalls for Fixed Point Attractor Patterns,International Joint Conference on Neural Networks,,2003,NO,,"Juan Carlos Gutierrez Caceres, L. Zhao, H. Szu, Chaotic Associative Recalls for Fixed Point Attractor Patterns, International Joint Conference on Neural Networks, 2003"
Juan Carlos Gutierrez Caceres,L. Zhao,Reconocimiento de patrones multi-valor por redes neuronales caóticas,"XVI Simposio de computación grafica y procesamiento de imágenes, Sao Carlos – SP Brasil.",,2003,NO,,"Juan Carlos Gutierrez Caceres, L. Zhao, Reconocimiento de patrones multi-valor por redes neuronales caóticas, XVI Simposio de computación grafica y procesamiento de imágenes, Sao Carlos – SP Brasil., 2003"
Juan Carlos Gutierrez Caceres,A. Cuadros,Celular Neural Networs: A Review,I Congreso Internacional de Científicos Peruanos Red Mundial de Científicos Peruanos Lima - Perú,,2003,NO,,"Juan Carlos Gutierrez Caceres, A. Cuadros, Celular Neural Networs: A Review, I Congreso Internacional de Científicos Peruanos Red Mundial de Científicos Peruanos Lima - Perú, 2003"
Cristian Jose Lopez Del Alamo,,Prototipo de sistema de apoyo en el Diagnóstico y tratamientos de Pacientes con Trasplante Renal,"I Congreso de científicos Peruanos, Lima - Peru",,2003,NO,,"Cristian Jose Lopez Del Alamo, , Prototipo de sistema de apoyo en el Diagnóstico y tratamientos de Pacientes con Trasplante Renal, I Congreso de científicos Peruanos, Lima - Peru, 2003"
Ernesto Cuadros Vargas,"Humberto Costa de Sousa, André Carlos Ponce Leon Ferreira de Carvalho",Artificial Neural Networks Designed as Components,JIISIC,129-137,2002,NO,,"Ernesto Cuadros Vargas, Humberto Costa de Sousa, André Carlos Ponce Leon Ferreira de Carvalho, Artificial Neural Networks Designed as Components, JIISIC, pp. 129-137, 2002"
Alex Jesus Cuadros Vargas,"Luis Gustavo Nonato, Rosane Minghim, Maria Cristina Ferreira de Oliveira",Beta-Connection: An Approach to Generate Families of Models from Planar Sections,SIBGRAPI,187-192,2002,NO,,"Alex Jesus Cuadros Vargas, Luis Gustavo Nonato, Rosane Minghim, Maria Cristina Ferreira de Oliveira, Beta-Connection: An Approach to Generate Families of Models from Planar Sections, SIBGRAPI, pp. 187-192, 2002"
Yván Túpac Valdivia,"Vellasco, M. M. B. R., Pacheco, M. A. C.",Selection of Alternatives for Oil field Development by Genetic Algorithms,Revista de Engenharia Térmica,51 - 54,2002,NO,,"Yván Túpac Valdivia, Vellasco, M. M. B. R., Pacheco, M. A. C., Selection of Alternatives for Oil field Development by Genetic Algorithms, Revista de Engenharia Térmica, pp. 51 - 54, 2002"
Yván Túpac Valdivia,"Vellasco, M. M. B. R., Pacheco, M. A. C.",Planejamento e Otimização do Desenvolvimento de um Campo de Petróleo por Algoritmos Genéticos,XXII Encontro Nacional de Engenharia de Produção (ENEGEP 2002),,2002,NO,,"Yván Túpac Valdivia, Vellasco, M. M. B. R., Pacheco, M. A. C., Planejamento e Otimização do Desenvolvimento de um Campo de Petróleo por Algoritmos Genéticos, XXII Encontro Nacional de Engenharia de Produção (ENEGEP 2002), 2002"
Juan Carlos Gutierrez Caceres,Lian Zhao,Reconocimiento de rostros utilizando la transformada de Wavelets y la red neuronal de Hopfield,"Congreso Internacional Sudamericano de Ingeniería de Sistemas, Computación e Informática, Arequipa - Perú.",,2002,NO,,"Juan Carlos Gutierrez Caceres, Lian Zhao, Reconocimiento de rostros utilizando la transformada de Wavelets y la red neuronal de Hopfield, Congreso Internacional Sudamericano de Ingeniería de Sistemas, Computación e Informática, Arequipa - Perú., 2002"
Juan Carlos Gutierrez Caceres,"R. Buruncle, W. Cancino",Resolución de Juegos de Información Perfecta Empleando Algoritmos Genéticos y Redes Neuronales,XXVIII Conferencia Latinoamericana CLEI Montevideo - Uruguay,,2002,NO,,"Juan Carlos Gutierrez Caceres, R. Buruncle, W. Cancino, Resolución de Juegos de Información Perfecta Empleando Algoritmos Genéticos y Redes Neuronales, XXVIII Conferencia Latinoamericana CLEI Montevideo - Uruguay, 2002"
Yván Túpac Valdivia,"Vellasco, M. M. B. R., Pacheco, M. A. C.",Seleção de Alternativas para o Desenvolvimento de Campos de Petróleo por Algoritmos Genéticos,1o Congresso Brasileiro de P&D em Petróleo e Gás,,2001,NO,,"Yván Túpac Valdivia, Vellasco, M. M. B. R., Pacheco, M. A. C., Seleção de Alternativas para o Desenvolvimento de Campos de Petróleo por Algoritmos Genéticos, 1o Congresso Brasileiro de P&D em Petróleo e Gás, 2001"
Yván Túpac Valdivia,"Vellasco, M. M. B. R., Pacheco, M. A. C.",Reinforcement Learning off-policy Methods in Adaptive Packet Routing. Proceedings of the IASTED,International Conference on Artificial Intelligence and Soft Computing (ASC2001),433-437,2001,NO,,"Yván Túpac Valdivia, Vellasco, M. M. B. R., Pacheco, M. A. C., Reinforcement Learning off-policy Methods in Adaptive Packet Routing. Proceedings of the IASTED, International Conference on Artificial Intelligence and Soft Computing (ASC2001), pp. 433-437, 2001"
Yván Túpac Valdivia,"Marley B. R. Vellasco, Marco Aurélio Cavalcanti Pacheco",An Adaptive Network Routing Strategy with Temporal Differences. Inteligencia Artificial,Revista Iberoamericana de Inteligencia Artificial 5(12),85-91,2001,NO,,"Yván Túpac Valdivia, Marley B. R. Vellasco, Marco Aurélio Cavalcanti Pacheco, An Adaptive Network Routing Strategy with Temporal Differences. Inteligencia Artificial, Revista Iberoamericana de Inteligencia Artificial 5(12), pp. 85-91, 2001"
Yván Túpac Valdivia,"Vellasco, M. M. B. R., Pacheco, M. A. C.",An Adaptive Network Routing Strategy with Temporal Differences,Proceedings of The Argentine Symposium on Artificial Intelligence,101–113,2000,NO,,"Yván Túpac Valdivia, Vellasco, M. M. B. R., Pacheco, M. A. C., An Adaptive Network Routing Strategy with Temporal Differences, Proceedings of The Argentine Symposium on Artificial Intelligence, pp. 101–113, 2000"
Yván Túpac Valdivia,"Vellasco, M. M. B. R., Pacheco, M. A. C.",Performance Evaluation of Routing Strategies using Reinforcement Learning,"Symposium on Performance Evaluation of Computer and Telecommunication Systems, Vancouver",,2000,NO,,"Yván Túpac Valdivia, Vellasco, M. M. B. R., Pacheco, M. A. C., Performance Evaluation of Routing Strategies using Reinforcement Learning, Symposium on Performance Evaluation of Computer and Telecommunication Systems, Vancouver, 2000"
Yván Túpac Valdivia,"Vellasco, M. M. B. R., Pacheco, M. A. C.",Un Algoritmo para Ruteamiento Adaptativo de Paquetes en Redes Dinámicas de Comunicación,"VII Congreso Internacional de Ingeniería Electrónica, Eléctrica y de Sistemas (INTERCON 2000)",,2000,NO,,"Yván Túpac Valdivia, Vellasco, M. M. B. R., Pacheco, M. A. C., Un Algoritmo para Ruteamiento Adaptativo de Paquetes en Redes Dinámicas de Comunicación, VII Congreso Internacional de Ingeniería Electrónica, Eléctrica y de Sistemas (INTERCON 2000), 2000"
Yván Túpac Valdivia,"Vellasco, M. M. B. R., Pacheco, M. A. C., Tanscheit, R.",Controlador Difuso con Evolución del Conjunto de Reglas de Inferencia,"Congreso Internacional de Ingeniería Informática, Buenos Aires",,1999,NO,,"Yván Túpac Valdivia, Vellasco, M. M. B. R., Pacheco, M. A. C., Tanscheit, R., Controlador Difuso con Evolución del Conjunto de Reglas de Inferencia, Congreso Internacional de Ingeniería Informática, Buenos Aires, 1999"
Yván Túpac Valdivia,"Vellasco, M. M. B. R., Pacheco, M. A. C., Tanscheit, R.",Geração do Conjunto de Regras de Inferência para un Controlador Nebuloso usando Algoritmos Genéticos,"4o Simpósio Brasileiro de Automação Inteligênte, 1999, São Paulo",491 – 495,1999,NO,,"Yván Túpac Valdivia, Vellasco, M. M. B. R., Pacheco, M. A. C., Tanscheit, R., Geração do Conjunto de Regras de Inferência para un Controlador Nebuloso usando Algoritmos Genéticos, 4o Simpósio Brasileiro de Automação Inteligênte, 1999, São Paulo, pp. 491 – 495, 1999"
Ernesto Cuadros Vargas,"Humberto Costa de Sousa, André Carlos Ponce Leon Ferreira de Carvalho",Automatic Target Recognition using a Constructive Approach,SBRN,112-117,1998,NO,,"Ernesto Cuadros Vargas, Humberto Costa de Sousa, André Carlos Ponce Leon Ferreira de Carvalho, Automatic Target Recognition using a Constructive Approach, SBRN, pp. 112-117, 1998"
